"Date","Price","Open","High","Low","Vol.","Change %"
"22-04-2025","83.40","82.85","84.20","83.10","3.95M","1.83%"
"21-04-2025","81.90","82.75","82.75","80.85","4.04M","1.93%"
"17-04-2025","80.35","80.60","81.05","80.10","446.12K","0.37%"
"16-04-2025","80.05","79.95","80.15","79.15","426.04K","1.84%"
"15-04-2025","78.60","78.25","78.95","77.90","269.86K","0.13%"
"11-04-2025","78.50","77.95","79.00","77.00","753.71K","3.70%"
"09-04-2025","75.70","74.90","75.95","74.10","309.86K","1.54%"
"08-04-2025","74.55","74.60","74.65","73.35","329.15K","-0.13%"
"07-04-2025","74.65","75.60","75.60","71.10","810.35K","-1.39%"
"04-04-2025","75.70","76.80","76.80","75.00","1.32M","-1.56%"
"03-04-2025","76.90","77.65","78.10","76.45","383.05K","-0.19%"
"02-04-2025","77.05","77.85","77.90","76.70","483.18K","-0.06%"
"01-04-2025","77.10","76.25","77.25","76.05","442.37K","2.46%"
"28-03-2025","75.25","74.85","75.45","74.85","291.22K","1.01%"
"27-03-2025","74.50","74.30","74.60","73.65","203.70K","0.68%"
"26-03-2025","74.00","74.30","74.30","73.85","95.68K","-0.07%"
"25-03-2025","74.05","74.15","74.15","73.60","357.38K","0.20%"
"24-03-2025","73.90","74.90","74.95","73.75","362.25K","-1.20%"
"21-03-2025","74.80","75.45","75.50","74.30","236.45K","-0.60%"
"20-03-2025","75.25","75.25","75.95","75.10","327.83K","0.27%"
"19-03-2025","75.05","74.75","75.35","74.75","377.51K","0.27%"
"18-03-2025","74.85","74.95","75.00","74.40","233.02K","0.54%"
"17-03-2025","74.45","74.05","74.55","74.05","364.63K","1.09%"
"13-03-2025","73.65","73.35","74.10","73.35","266.55K","0.82%"
"12-03-2025","73.05","73.30","73.70","72.80","3.69M","0.34%"
"11-03-2025","72.80","72.85","73.00","72.45","125.18K","-0.14%"
"10-03-2025","72.90","73.60","73.60","72.70","260.33K","-0.07%"
"07-03-2025","72.95","73.45","73.45","72.60","259.77K","0.21%"
"06-03-2025","72.80","73.60","73.70","72.75","645.62K","-0.27%"
"05-03-2025","73.00","73.40","73.45","72.60","465.23K","-0.41%"
"04-03-2025","73.30","72.80","73.35","72.25","291.62K","1.52%"
"03-03-2025","72.20","72.45","72.50","71.45","493.02K","0.28%"
"28-02-2025","72.00","72.90","72.90","71.35","691.57K","-0.83%"
"27-02-2025","72.60","73.45","73.60","72.30","1.00M","-1.36%"
"25-02-2025","73.60","73.35","73.95","73.30","551.65K","0.27%"
"24-02-2025","73.40","75.20","75.20","72.30","693.43K","0.55%"
"21-02-2025","73.00","73.60","73.60","72.65","963.22K","-0.48%"
"20-02-2025","73.35","73.35","74.00","73.10","609.80K","-0.41%"
"19-02-2025","73.65","73.00","73.70","72.90","265.17K","1.17%"
"18-02-2025","72.80","72.85","72.90","72.40","452.82K","0.48%"
"17-02-2025","72.45","72.85","72.95","71.25","240.33K","-0.82%"
"14-02-2025","73.05","73.60","73.60","72.75","349.74K","0.48%"
"13-02-2025","72.70","73.20","73.25","72.10","435.49K","0.55%"
"12-02-2025","72.30","72.70","72.70","71.70","553.42K","-0.62%"
"11-02-2025","72.75","73.80","74.05","72.45","471.82K","-0.55%"
"10-02-2025","73.15","73.20","73.90","72.50","1.60M","1.18%"
"07-02-2025","72.30","72.75","72.80","71.60","214.41K","0.21%"
"06-02-2025","72.15","72.00","73.00","71.80","439.76K","0.28%"
"05-02-2025","71.95","71.80","72.10","71.40","267.53K","1.62%"
"04-02-2025","70.80","70.30","70.95","70.30","273.58K","0.71%"
"03-02-2025","70.30","69.75","70.50","68.20","1.20M","0.79%"
"01-02-2025","69.75","70.75","70.75","69.00","243.86K","0.00%"
"31-01-2025","69.75","69.45","69.85","69.05","238.05K","1.23%"
"30-01-2025","68.90","68.75","68.90","68.40","199.23K","0.44%"
"29-01-2025","68.60","69.50","69.50","68.25","328.54K","0.66%"
"28-01-2025","68.15","68.10","68.25","67.90","142.91K","0.00%"
"27-01-2025","68.15","68.45","68.95","67.90","345.43K","-0.44%"
"24-01-2025","68.45","68.50","68.75","68.20","154.97K","0.37%"
"23-01-2025","68.20","68.35","68.35","67.95","213.46K","0.00%"
"22-01-2025","68.20","67.75","68.30","67.75","190.08K","0.96%"
"21-01-2025","67.55","67.35","67.75","67.25","102.67K","0.30%"
"20-01-2025","67.35","67.45","67.45","67.15","153.86K","-0.07%"
"17-01-2025","67.40","67.55","67.90","67.15","278.68K","0.07%"
"16-01-2025","67.35","67.25","67.55","66.80","438.22K","0.67%"
"15-01-2025","66.90","66.25","66.95","66.25","229.11K","0.45%"
"14-01-2025","66.60","66.75","66.75","66.20","206.92K","-0.30%"
"13-01-2025","66.80","66.75","66.90","66.20","176.97K","0.75%"
"10-01-2025","66.30","66.35","66.45","66.00","221.25K","0.61%"
"09-01-2025","65.90","66.00","66.15","65.75","162.37K","0.30%"
"08-01-2025","65.70","65.80","65.80","65.40","136.89K","0.46%"
"07-01-2025","65.40","65.80","65.80","64.80","129.17K","0.38%"
"06-01-2025","65.15","65.90","67.00","65.05","172.06K","-0.76%"
"03-01-2025","65.65","66.20","66.20","65.30","199.39K","0.69%"
"02-01-2025","65.20","65.45","65.45","64.70","94.43K","0.46%"
"01-01-2025","64.90","64.70","65.10","64.70","41.03K","0.39%"
"31-12-2024","64.65","64.80","64.85","64.35","49.70K","0.15%"
"30-12-2024","64.55","64.95","67.00","64.45","106.25K","-0.31%"
"27-12-2024","64.75","65.25","65.25","64.25","51.05K","0.31%"
"26-12-2024","64.55","65.10","65.10","64.35","60.38K","0.39%"
"24-12-2024","64.30","64.60","64.60","64.05","556.50K","-0.46%"
"23-12-2024","64.60","64.30","64.80","64.10","146.61K","0.94%"
"20-12-2024","64.00","64.30","64.35","63.85","229.74K","-0.70%"
"19-12-2024","64.45","63.60","64.70","63.60","210.42K","-0.85%"
"18-12-2024","65.00","65.30","65.30","64.65","204.23K","0.31%"
"17-12-2024","64.80","65.30","65.30","64.65","142.20K","-0.46%"
"16-12-2024","65.10","65.20","65.25","64.75","76.13K","-0.31%"
"13-12-2024","65.30","65.80","65.80","65.20","162.41K","-1.28%"
"12-12-2024","66.15","66.45","66.45","65.85","92.52K","0.76%"
"11-12-2024","65.65","66.00","66.30","65.50","151.61K","0.54%"
"10-12-2024","65.30","64.90","65.45","64.90","330.13K","0.85%"
"09-12-2024","64.75","65.25","65.25","64.50","189.80K","0.08%"
"06-12-2024","64.70","64.80","64.80","64.45","148.51K","-0.08%"
"05-12-2024","64.75","64.90","65.25","64.50","278.92K","0.23%"
"04-12-2024","64.60","64.95","64.95","64.40","177.27K","-0.23%"
"03-12-2024","64.75","64.85","64.90","64.05","98.28K","0.47%"
"02-12-2024","64.45","64.75","64.90","64.20","202.56K","-0.77%"
"29-11-2024","64.95","64.90","65.15","64.65","95.79K","0.54%"
"28-11-2024","64.60","64.50","64.95","64.20","105.41K","0.00%"
"27-11-2024","64.60","64.60","64.70","63.90","192.43K","0.94%"
"26-11-2024","64.00","64.40","64.45","63.65","137.25K","-1.46%"
"25-11-2024","64.95","65.75","65.75","64.60","452.56K","-1.29%"
"22-11-2024","65.80","65.45","65.95","65.30","101.57K","1.15%"
"21-11-2024","65.05","64.35","65.15","64.35","194.05K","1.40%"
"19-11-2024","64.15","64.30","64.80","63.80","174.28K","1.10%"
"18-11-2024","63.45","63.90","63.95","62.80","198.40K","1.52%"
"14-11-2024","62.50","63.20","63.20","62.20","205.22K","-1.88%"
"13-11-2024","63.70","64.35","64.40","63.50","159.81K","0.24%"
"12-11-2024","63.55","64.60","65.30","63.20","426.92K","-2.31%"
"11-11-2024","65.05","65.50","65.55","64.80","148.89K","-0.84%"
"08-11-2024","65.60","65.80","66.25","65.40","291.39K","0.85%"
"07-11-2024","65.05","65.45","65.50","64.60","372.63K","-1.81%"
"06-11-2024","66.25","66.85","66.85","65.35","435.64K","-0.53%"
"05-11-2024","66.60","66.80","66.80","66.30","330.84K","-0.08%"
"04-11-2024","66.65","66.95","67.05","66.10","563.01K","-0.60%"
"01-11-2024","67.05","67.40","67.40","66.80","156.27K","-0.22%"
"31-10-2024","67.20","67.95","67.95","67.05","217.82K","-0.30%"
"30-10-2024","67.40","68.85","68.85","67.00","1.27M","0.82%"
"29-10-2024","66.85","66.65","66.95","66.55","469.20K","0.91%"
"28-10-2024","66.25","66.50","66.50","66.05","1.12M","0.45%"
"25-10-2024","65.95","66.50","66.50","65.75","231.34K","-0.53%"
"24-10-2024","66.30","66.45","66.50","65.90","1.49M","-0.67%"
"23-10-2024","66.75","66.50","66.90","66.30","436.70K","0.68%"
"22-10-2024","66.30","66.60","66.65","66.10","388.23K","-0.08%"
"21-10-2024","66.35","65.80","66.90","65.75","302.39K","0.91%"
"18-10-2024","65.75","65.30","65.80","65.30","253.39K","1.00%"
"17-10-2024","65.10","65.05","65.30","64.85","224.08K","0.31%"
"16-10-2024","64.90","64.60","65.00","64.50","147.52K","0.78%"
"15-10-2024","64.40","64.60","64.70","64.05","125.66K","-0.16%"
"14-10-2024","64.50","64.90","64.90","64.05","212.07K","0.62%"
"11-10-2024","64.10","64.30","64.30","63.80","110.89K","0.87%"
"10-10-2024","63.55","63.80","63.80","63.25","312.31K","0.00%"
"09-10-2024","63.55","63.70","63.70","63.00","355.99K","-0.63%"
"08-10-2024","63.95","64.55","65.00","63.65","204.42K","-0.70%"
"07-10-2024","64.40","64.90","65.10","64.05","409.08K","-0.46%"
"04-10-2024","64.70","64.95","65.65","64.40","395.65K","0.54%"
"03-10-2024","64.35","64.25","64.90","64.10","342.53K","0.23%"
"01-10-2024","64.20","64.20","64.40","63.70","166.58K","0.16%"
"30-09-2024","64.10","64.45","64.60","63.90","156.15K","0.00%"
"27-09-2024","64.10","64.75","64.75","63.90","168.35K","-0.54%"
"26-09-2024","64.45","64.25","64.55","64.00","247.37K","0.47%"
"25-09-2024","64.15","64.55","64.75","63.85","270.04K","0.86%"
"24-09-2024","63.60","63.70","63.75","63.30","325.66K","0.55%"
"23-09-2024","63.25","62.90","63.90","62.90","114.68K","0.56%"
"20-09-2024","62.90","62.65","63.20","62.45","216.35K","0.56%"
"19-09-2024","62.55","62.45","62.85","61.60","161.65K","0.40%"
"18-09-2024","62.30","62.65","62.65","62.10","99.66K","-0.16%"
"17-09-2024","62.40","62.80","62.80","62.20","178.27K","-0.16%"
"16-09-2024","62.50","62.70","63.00","62.20","216.50K","0.48%"
"13-09-2024","62.20","61.75","62.40","61.60","260.77K","1.72%"
"12-09-2024","61.15","61.10","61.20","60.75","149.50K","0.00%"
"11-09-2024","61.15","61.15","61.20","60.65","90.58K","0.66%"
"10-09-2024","60.75","60.75","60.95","60.60","77.59K","0.08%"
"09-09-2024","60.70","60.30","60.90","60.30","154.78K","-0.33%"
"06-09-2024","60.90","61.40","61.40","60.80","47.74K","0.00%"
"05-09-2024","60.90","60.80","61.05","60.55","117.12K","0.74%"
"04-09-2024","60.45","60.95","60.95","60.15","153.27K","-0.74%"
"03-09-2024","60.90","61.00","61.15","60.65","137.03K","-0.08%"
"02-09-2024","60.95","61.10","61.10","60.30","273.11K","-0.49%"
"30-08-2024","61.25","61.20","61.25","60.75","202.09K","0.25%"
"29-08-2024","61.10","61.30","61.30","60.90","59.79K","0.16%"
"28-08-2024","61.00","61.25","61.25","60.80","62.40K","0.00%"
"27-08-2024","61.00","61.30","61.30","60.80","147.52K","-0.33%"
"26-08-2024","61.20","60.85","61.30","60.80","216.66K","0.82%"
"23-08-2024","60.70","60.75","61.00","60.35","148.34K","-0.33%"
"22-08-2024","60.90","61.15","61.15","60.75","68.27K","-0.16%"
"21-08-2024","61.00","60.80","61.20","60.80","135.55K","-0.16%"
"20-08-2024","61.10","60.55","61.25","60.35","170.19K","0.41%"
"19-08-2024","60.85","60.10","61.10","60.10","239.86K","1.59%"
"16-08-2024","59.90","60.00","60.00","59.35","221.97K","-0.17%"
"14-08-2024","60.00","60.30","60.30","59.65","68.91K","0.33%"
"13-08-2024","59.80","60.20","60.20","59.65","130.51K","0.42%"
"12-08-2024","59.55","59.40","59.70","58.70","344.69K","1.02%"
"09-08-2024","58.95","60.00","60.20","58.90","82.60K","0.51%"
"08-08-2024","58.65","59.30","59.35","58.60","293.26K","-0.76%"
"07-08-2024","59.10","59.80","59.80","58.65","787.96K","-1.17%"
"06-08-2024","59.80","59.65","60.00","58.55","229.46K","0.59%"
"05-08-2024","59.45","60.30","60.50","59.20","510.74K","-1.08%"
"02-08-2024","60.10","60.60","60.60","59.50","228.43K","1.26%"
"01-08-2024","59.35","59.95","60.00","59.30","423.02K","0.34%"
"31-07-2024","59.15","59.90","60.45","59.00","303.16K","-0.17%"
"30-07-2024","59.25","60.65","60.70","58.65","275.04K","-0.75%"
"29-07-2024","59.70","60.80","63.90","59.20","342.58K","-1.57%"
"26-07-2024","60.65","61.05","61.95","60.15","199.79K","-1.14%"
"25-07-2024","61.35","59.85","61.70","58.90","91.22K","2.16%"
"24-07-2024","60.05","60.70","61.95","59.55","302.66K","-1.07%"
"23-07-2024","60.70","63.00","63.00","59.75","359.72K","-3.50%"
"22-07-2024","62.90","63.00","63.40","62.75","161.41K","-0.16%"
"19-07-2024","63.00","63.25","63.25","62.85","69.66K","-0.63%"
"18-07-2024","63.40","63.50","63.65","63.15","148.88K","0.71%"
"16-07-2024","62.95","62.60","63.00","62.60","170.81K","0.64%"
"15-07-2024","62.55","62.65","62.95","62.30","183.72K","0.24%"
"12-07-2024","62.40","62.80","63.25","62.20","173.70K","0.32%"
"11-07-2024","62.20","62.25","62.40","61.95","168.86K","0.16%"
"10-07-2024","62.10","62.25","62.25","61.75","100.66K","0.16%"
"09-07-2024","62.00","62.15","62.20","61.65","67.53K","-0.24%"
"08-07-2024","62.15","62.20","62.60","61.90","136.17K","0.32%"
"05-07-2024","61.95","61.90","62.05","61.60","71.32K","0.16%"
"04-07-2024","61.85","61.75","62.00","61.55","145.97K","0.32%"
"03-07-2024","61.65","61.15","61.65","61.05","105.52K","0.82%"
"02-07-2024","61.15","61.30","61.30","60.80","71.76K","-0.16%"
"01-07-2024","61.25","61.25","61.30","60.75","102.63K","0.41%"
"28-06-2024","61.00","61.20","61.45","60.70","84.66K","0.58%"
"27-06-2024","60.65","60.90","60.90","60.50","54.62K","-0.49%"
"26-06-2024","60.95","60.95","61.20","60.75","39.41K","-0.08%"
"25-06-2024","61.00","61.25","61.30","60.90","56.54K","-0.25%"
"24-06-2024","61.15","61.60","61.60","61.00","118.78K","-1.05%"
"21-06-2024","61.80","62.10","62.10","61.65","104.40K","0.49%"
"20-06-2024","61.50","61.70","61.75","60.95","49.40K","0.65%"
"19-06-2024","61.10","61.05","61.70","60.90","97.20K","0.33%"
"18-06-2024","60.90","61.05","62.05","60.75","188.40K","-0.25%"
"14-06-2024","61.05","61.25","61.30","60.55","93.22K","-0.08%"
"13-06-2024","61.10","61.30","61.30","60.80","92.98K","0.00%"
"12-06-2024","61.10","61.15","61.20","60.85","101.23K","0.49%"
"11-06-2024","60.80","60.65","61.15","60.50","50.73K","0.25%"
"10-06-2024","60.65","61.20","61.25","60.10","227.23K","-1.46%"
"07-06-2024","61.55","61.60","62.50","61.40","1.14M","-0.65%"
"06-06-2024","61.95","62.00","62.30","61.50","97.53K","1.39%"
"05-06-2024","61.10","60.60","61.55","60.60","76.64K","-0.41%"
"04-06-2024","61.35","61.85","61.85","61.10","115.99K","0.41%"
"03-06-2024","61.10","61.40","61.75","60.80","111.14K","-0.81%"
"31-05-2024","61.60","61.50","61.70","61.20","61.78K","0.49%"
"30-05-2024","61.30","61.65","61.65","61.10","1.03M","-0.49%"
"29-05-2024","61.60","62.15","62.15","61.45","81.08K","0.08%"
"28-05-2024","61.55","62.05","62.05","61.35","1.06M","0.00%"
"27-05-2024","61.55","63.30","63.30","61.10","197.88K","0.16%"
"24-05-2024","61.45","62.45","62.45","61.25","1.30M","-1.99%"
"23-05-2024","62.70","62.55","63.95","61.65","275.58K","-0.56%"
"22-05-2024","63.05","63.45","63.45","62.80","53.45K","-0.08%"
"21-05-2024","63.10","63.25","63.45","62.80","158.52K","1.12%"
"17-05-2024","62.40","64.55","64.55","62.35","1.06M","-0.40%"
"16-05-2024","62.65","62.50","63.10","62.35","133.47K","0.64%"
"15-05-2024","62.25","62.00","62.30","61.50","1.10M","1.30%"
"14-05-2024","61.45","61.75","61.75","61.35","65.40K","0.16%"
"13-05-2024","61.35","62.25","62.50","61.30","107.73K","-1.45%"
"10-05-2024","62.25","61.95","62.40","61.50","165.45K","2.13%"
"09-05-2024","60.95","61.15","61.20","60.65","55.15K","0.08%"
"08-05-2024","60.90","61.20","61.25","60.55","49.97K","-0.16%"
"07-05-2024","61.00","60.90","61.35","60.75","49.69K","0.08%"
"06-05-2024","60.95","60.55","61.35","60.35","110.66K","0.33%"
"03-05-2024","60.75","61.35","61.35","60.55","84.94K","-0.49%"
"02-05-2024","61.05","61.10","61.95","60.90","110.46K","-0.65%"
"30-04-2024","61.45","61.85","61.90","61.10","92.15K","-0.41%"
"29-04-2024","61.70","62.30","63.30","61.20","96.91K","-0.32%"
"26-04-2024","61.90","60.90","61.90","60.90","97.33K","0.98%"
"25-04-2024","61.30","61.15","61.50","60.85","36.00K","0.66%"
"24-04-2024","60.90","61.15","61.65","60.85","217.87K","0.00%"
"23-04-2024","60.90","61.50","61.50","60.10","179.32K","-1.93%"
"22-04-2024","62.10","62.45","62.65","61.65","182.84K","-0.56%"
"19-04-2024","62.45","62.80","62.85","62.35","2.54M","0.24%"
"18-04-2024","62.30","62.40","62.40","62.00","2.82M","0.40%"
"16-04-2024","62.05","62.75","62.80","62.00","562.53K","0.40%"
"15-04-2024","61.80","62.10","63.30","61.55","356.22K","-0.64%"
"12-04-2024","62.20","61.25","62.30","61.25","188.75K","2.05%"
"10-04-2024","60.95","60.95","61.20","60.70","85.97K","0.16%"
"09-04-2024","60.85","60.60","61.05","60.40","2.07M","0.75%"
"08-04-2024","60.40","59.80","61.00","59.80","674.52K","2.03%"
"05-04-2024","59.20","59.30","59.70","58.95","4.12M","-0.08%"
"04-04-2024","59.25","59.85","59.90","59.10","4.08M","0.59%"
"03-04-2024","58.90","60.00","60.00","58.75","4.82M","0.51%"
"02-04-2024","58.60","59.00","59.10","58.35","98.70K","0.26%"
"01-04-2024","58.45","57.10","58.70","57.10","174.35K","2.90%"
"28-03-2024","56.80","56.70","56.95","56.50","98.84K","0.53%"
"27-03-2024","56.50","56.35","56.75","56.10","276.86K","0.09%"
"26-03-2024","56.45","56.15","56.50","56.00","56.93K","0.53%"
"22-03-2024","56.15","55.80","56.65","55.80","71.20K","-1.14%"
"21-03-2024","56.80","57.65","57.65","56.45","433.50K","1.52%"
"20-03-2024","55.95","56.00","56.00","55.80","65.17K","0.09%"
"19-03-2024","55.90","55.80","56.00","55.65","76.04K","0.18%"
"18-03-2024","55.80","55.65","55.80","55.15","168.21K","0.00%"
"15-03-2024","55.80","56.00","56.10","55.75","100.83K","-0.27%"
"14-03-2024","55.95","55.55","56.25","55.55","123.38K","0.54%"
"13-03-2024","55.65","55.95","56.00","55.55","113.67K","-0.80%"
"12-03-2024","56.10","56.50","56.65","56.00","1.73M","-0.44%"
"11-03-2024","56.35","55.75","56.40","55.70","217.31K","1.35%"
"07-03-2024","55.60","55.25","55.75","55.20","191.25K","1.00%"
"06-03-2024","55.05","55.05","55.10","54.65","203.67K","0.46%"
"05-03-2024","54.80","54.40","55.00","54.40","233.23K","1.20%"
"04-03-2024","54.15","53.75","54.30","53.70","73.31K","0.56%"
"02-03-2024","53.85","53.70","53.85","53.60","55.20K","1.41%"
"01-03-2024","53.10","53.15","53.35","53.00","88.51K","0.19%"
"29-02-2024","53.00","52.80","53.30","52.80","61.19K","0.47%"
"28-02-2024","52.75","53.00","53.00","52.70","38.17K","-0.47%"
"27-02-2024","53.00","53.05","53.05","52.80","51.54K","0.28%"
"26-02-2024","52.85","52.70","53.00","52.50","63.82K","0.38%"
"23-02-2024","52.65","53.00","53.00","52.55","150.95K","-0.47%"
"22-02-2024","52.90","52.90","53.00","52.80","49.25K","0.19%"
"21-02-2024","52.80","52.70","53.00","52.70","70.99K","0.19%"
"20-02-2024","52.70","52.95","52.95","52.65","138.49K","-0.28%"
"19-02-2024","52.85","52.75","53.00","52.75","49.00K","0.48%"
"16-02-2024","52.60","52.30","52.65","52.30","130.41K","0.57%"
"15-02-2024","52.30","52.40","52.60","52.20","69.98K","-0.19%"
"14-02-2024","52.40","52.55","52.65","52.25","93.18K","-1.13%"
"13-02-2024","53.00","53.05","53.10","52.90","27.47K","-0.09%"
"12-02-2024","53.05","53.25","53.25","52.70","118.63K","-0.28%"
"09-02-2024","53.20","53.25","53.45","53.15","52.80K","-0.09%"
"08-02-2024","53.25","53.30","53.40","53.15","77.37K","0.00%"
"07-02-2024","53.25","53.55","53.55","53.20","87.10K","0.19%"
"06-02-2024","53.15","53.40","53.40","53.05","49.25K","0.09%"
"05-02-2024","53.10","53.55","53.90","53.05","83.17K","-0.93%"
"02-02-2024","53.60","53.90","53.95","53.55","145.42K","0.09%"
"01-02-2024","53.55","53.65","53.65","53.25","104.11K","0.47%"
"31-01-2024","53.30","53.50","53.60","53.20","33.47K","0.00%"
"30-01-2024","53.30","53.40","53.40","53.10","135.05K","0.09%"
"29-01-2024","53.25","52.70","53.35","52.70","129.71K","0.57%"
"25-01-2024","52.95","52.95","53.15","52.85","40.34K","-0.19%"
"24-01-2024","53.05","53.25","53.25","52.95","62.90K","-0.38%"
"23-01-2024","53.25","53.10","53.30","52.90","71.79K","0.47%"
"20-01-2024","53.00","53.15","53.25","52.95","44.34K","0.00%"
"19-01-2024","53.00","52.85","53.15","52.80","133.26K","0.28%"
"18-01-2024","52.85","52.70","52.90","52.45","49.28K","-0.09%"
"17-01-2024","52.90","53.15","53.20","52.80","57.79K","-0.66%"
"16-01-2024","53.25","53.50","53.55","53.20","47.44K","-0.47%"
"15-01-2024","53.50","53.70","53.70","53.35","78.30K","0.38%"
"12-01-2024","53.30","53.60","53.60","52.95","84.44K","0.57%"
"11-01-2024","53.00","53.60","53.60","52.90","26.34K","-0.47%"
"10-01-2024","53.25","53.30","53.30","53.00","87.16K","0.00%"
"09-01-2024","53.25","53.25","53.30","53.05","30.81K","0.28%"
"08-01-2024","53.10","53.40","53.65","53.00","572.86K","-0.56%"
"05-01-2024","53.40","53.75","53.80","53.25","122.11K","-0.37%"
"04-01-2024","53.60","53.75","53.75","53.25","89.93K","-0.28%"
"03-01-2024","53.75","54.00","54.10","53.65","68.82K","-0.65%"
"02-01-2024","54.10","54.10","54.20","54.00","81.85K","0.19%"
"01-01-2024","54.00","53.95","54.05","53.50","82.01K","0.28%"
"29-12-2023","53.85","53.95","54.15","53.55","67.96K","-0.28%"
"28-12-2023","54.00","54.00","54.50","53.95","156.65K","0.47%"
"27-12-2023","53.75","53.60","53.90","53.45","69.99K","0.28%"
"26-12-2023","53.60","53.90","53.90","53.50","122.53K","0.47%"
"22-12-2023","53.35","54.65","54.65","53.15","120.19K","0.57%"
"21-12-2023","53.05","53.10","53.20","53.00","53.19K","0.00%"
"20-12-2023","53.05","53.20","53.25","53.00","119.94K","0.47%"
"19-12-2023","52.80","52.95","53.00","52.65","56.14K","0.00%"
"18-12-2023","52.80","52.70","52.85","52.55","125.01K","-0.38%"
"15-12-2023","53.00","53.10","53.25","52.95","52.95K","-0.09%"
"14-12-2023","53.05","53.20","53.20","52.55","87.52K","1.92%"
"13-12-2023","52.05","52.40","52.40","52.00","46.55K","-0.29%"
"12-12-2023","52.20","52.25","52.30","52.00","105.81K","-0.29%"
"11-12-2023","52.35","52.95","52.95","52.25","109.98K","-1.69%"
"08-12-2023","53.25","53.30","53.30","53.10","55.46K","0.28%"
"07-12-2023","53.10","52.60","53.40","52.60","208.91K","0.19%"
"06-12-2023","53.00","54.85","54.85","52.90","119.32K","-0.47%"
"05-12-2023","53.25","53.70","53.75","53.05","80.37K","-1.48%"
"04-12-2023","54.05","53.70","55.45","53.65","131.88K","1.12%"
"01-12-2023","53.45","53.65","53.65","53.20","71.07K","0.00%"
"30-11-2023","53.45","53.45","53.55","53.20","162.66K","0.19%"
"29-11-2023","53.35","53.00","53.40","52.95","110.92K","1.52%"
"28-11-2023","52.55","52.80","52.80","52.45","80.93K","0.48%"
"24-11-2023","52.30","52.25","52.40","52.15","46.06K","0.10%"
"23-11-2023","52.25","52.35","52.55","52.05","60.75K","-0.38%"
"22-11-2023","52.45","52.30","52.50","52.25","171.36K","0.48%"
"21-11-2023","52.20","52.35","52.55","52.05","52.64K","0.38%"
"20-11-2023","52.00","52.05","52.05","51.70","77.98K","-0.10%"
"17-11-2023","52.05","52.95","52.95","51.70","114.27K","1.17%"
"16-11-2023","51.45","51.70","51.70","51.40","658.77K","-0.58%"
"15-11-2023","51.75","51.60","51.80","51.30","116.58K","1.37%"
"13-11-2023","51.05","51.70","51.70","51.00","95.31K","-0.58%"
"12-11-2023","51.35","54.50","54.50","51.25","129.96K","-0.29%"
"10-11-2023","51.50","51.50","52.80","51.40","156.40K","0.78%"
"09-11-2023","51.10","51.40","51.40","51.05","67.92K","-0.97%"
"08-11-2023","51.60","51.95","51.95","51.30","27.68K","-0.10%"
"07-11-2023","51.65","51.85","52.00","51.55","47.43K","-0.77%"
"06-11-2023","52.05","52.05","52.10","51.60","79.32K","0.19%"
"03-11-2023","51.95","51.95","52.10","51.85","72.23K","0.10%"
"02-11-2023","51.90","52.60","52.60","51.75","42.22K","0.19%"
"01-11-2023","51.80","51.95","51.95","51.20","100.36K","-0.77%"
"31-10-2023","52.20","52.15","52.35","52.00","1.54M","0.10%"
"30-10-2023","52.15","52.40","52.40","52.05","3.19M","0.58%"
"27-10-2023","51.85","52.20","52.20","51.65","150.39K","-0.19%"
"26-10-2023","51.95","51.75","52.05","51.70","990.02K","0.68%"
"25-10-2023","51.60","51.75","51.75","51.30","1.99M","-0.19%"
"23-10-2023","51.70","51.60","51.85","51.30","174.58K","0.29%"
"20-10-2023","51.55","51.45","51.80","51.40","6.13M","0.78%"
"19-10-2023","51.15","51.00","51.20","50.70","185.03K","0.59%"
"18-10-2023","50.85","50.85","51.00","50.60","141.85K","0.59%"
"17-10-2023","50.55","50.40","50.65","50.20","104.38K","0.60%"
"16-10-2023","50.25","50.80","50.80","50.15","107.32K","0.90%"
"13-10-2023","49.80","49.55","49.80","49.35","81.18K","0.30%"
"12-10-2023","49.65","49.15","49.70","49.15","134.62K","0.71%"
"11-10-2023","49.30","49.50","49.50","49.05","84.00K","0.20%"
"10-10-2023","49.20","49.35","49.60","48.95","106.02K","0.51%"
"09-10-2023","48.95","49.40","49.65","48.55","124.35K","1.24%"
"06-10-2023","48.35","48.50","48.70","48.25","127.25K","0.00%"
"05-10-2023","48.35","48.30","48.70","48.30","74.28K","0.10%"
"04-10-2023","48.30","49.00","49.00","48.15","186.72K","-0.72%"
"03-10-2023","48.65","48.90","49.00","48.45","213.16K","-1.62%"
"29-09-2023","49.45","49.40","49.45","49.25","77.54K","-0.20%"
"28-09-2023","49.55","49.75","49.75","49.30","102.94K","-0.80%"
"27-09-2023","49.95","49.95","50.10","49.80","23.14K","-0.30%"
"26-09-2023","50.10","50.40","50.40","50.05","130.72K","-0.60%"
"25-09-2023","50.40","50.40","50.45","50.25","83.27K","0.00%"
"22-09-2023","50.40","50.30","50.50","50.20","72.04K","0.20%"
"21-09-2023","50.30","50.45","50.50","50.30","30.78K","-0.40%"
"20-09-2023","50.50","50.50","50.80","50.45","41.26K","0.00%"
"18-09-2023","50.50","50.70","50.70","50.25","49.82K","0.50%"
"15-09-2023","50.25","50.05","50.30","50.05","21.80K","0.60%"
"14-09-2023","49.95","50.15","50.15","49.80","98.68K","-0.20%"
"13-09-2023","50.05","50.20","50.20","49.90","155.03K","-0.20%"
"12-09-2023","50.15","50.30","50.45","50.10","75.92K","-0.30%"
"11-09-2023","50.30","50.60","50.60","50.20","145.09K","-0.49%"
"08-09-2023","50.55","50.35","50.65","50.25","29.88K","0.50%"
"07-09-2023","50.30","50.55","50.60","50.30","72.41K","-0.49%"
"06-09-2023","50.55","50.60","50.65","50.50","19.74K","-0.30%"
"05-09-2023","50.70","50.70","50.75","50.50","59.84K","-0.10%"
"04-09-2023","50.75","50.90","50.90","50.50","47.70K","0.30%"
"01-09-2023","50.60","50.55","50.70","50.40","46.00K","0.10%"
"31-08-2023","50.55","50.80","50.80","50.50","113.89K","0.10%"
"30-08-2023","50.50","50.40","50.65","50.30","237.40K","0.60%"
"29-08-2023","50.20","50.20","50.35","50.10","100.22K","0.20%"
"28-08-2023","50.10","50.45","50.45","49.95","67.44K","-0.30%"
"25-08-2023","50.25","50.20","50.30","50.00","143.12K","0.30%"
"24-08-2023","50.10","50.10","50.20","49.95","49.04K","0.30%"
"23-08-2023","49.95","50.00","50.15","49.85","55.28K","0.00%"
"22-08-2023","49.95","49.85","50.05","49.85","35.86K","0.10%"
"21-08-2023","49.90","49.95","49.95","49.70","86.43K","-0.10%"
"18-08-2023","49.95","50.10","50.10","49.75","196.80K","-0.10%"
"17-08-2023","50.00","50.05","50.05","49.80","124.37K","-0.40%"
"16-08-2023","50.20","50.30","50.30","50.05","29.54K","-0.20%"
"14-08-2023","50.30","50.25","50.35","50.05","32.78K","0.10%"
"11-08-2023","50.25","50.40","50.40","50.10","26.31K","-0.10%"
"10-08-2023","50.30","50.45","50.45","50.10","42.86K","-0.40%"
"09-08-2023","50.50","50.60","50.65","50.40","129.42K","-0.20%"
"08-08-2023","50.60","50.50","50.65","50.50","26.86K","0.20%"
"07-08-2023","50.50","50.60","50.65","50.50","71.94K","0.00%"
"04-08-2023","50.50","50.65","50.65","50.35","77.21K","-0.10%"
"03-08-2023","50.55","50.70","50.70","50.50","56.84K","-0.30%"
"02-08-2023","50.70","50.75","50.80","50.55","145.57K","0.10%"
"01-08-2023","50.65","50.90","50.95","50.60","182.70K","0.00%"
"31-07-2023","50.65","50.60","50.80","50.55","110.61K","0.20%"
"28-07-2023","50.55","50.75","50.80","50.45","56.60K","-0.79%"
"27-07-2023","50.95","51.30","51.30","50.85","42.13K","0.30%"
"26-07-2023","50.80","50.75","50.95","50.60","567.13K","0.10%"
"25-07-2023","50.75","50.80","50.80","50.40","74.41K","0.30%"
"24-07-2023","50.60","50.75","50.80","50.60","73.11K","-0.30%"
"21-07-2023","50.75","51.10","51.10","50.65","55.44K","-0.68%"
"20-07-2023","51.10","51.10","51.35","51.00","49.76K","0.10%"
"19-07-2023","51.05","51.15","51.15","50.85","85.53K","0.79%"
"18-07-2023","50.65","50.50","50.80","50.45","97.68K","0.30%"
"17-07-2023","50.50","53.20","53.20","50.45","212.94K","-0.10%"
"14-07-2023","50.55","50.70","51.30","50.50","138.07K","-0.30%"
"13-07-2023","50.70","50.90","50.90","50.45","49.15K","0.90%"
"12-07-2023","50.25","50.35","50.40","50.15","62.76K","0.00%"
"11-07-2023","50.25","50.20","50.35","49.95","51.71K","0.30%"
"10-07-2023","50.10","50.60","50.60","50.00","58.14K","-0.20%"
"07-07-2023","50.20","50.20","50.20","49.90","32.64K","0.30%"
"06-07-2023","50.05","50.15","50.20","49.95","46.37K","-0.30%"
"05-07-2023","50.20","50.05","50.30","49.80","136.64K","0.60%"
"04-07-2023","49.90","49.75","50.10","49.75","120.09K","0.40%"
"03-07-2023","49.70","49.50","49.85","49.45","53.47K","0.61%"
"30-06-2023","49.40","50.10","50.10","49.35","102.76K","-0.70%"
"28-06-2023","49.75","49.80","50.00","49.65","42.20K","-0.20%"
"27-06-2023","49.85","50.25","50.25","49.80","119.98K","-0.50%"
"26-06-2023","50.10","49.85","50.20","49.75","74.15K","0.70%"
"23-06-2023","49.75","49.85","49.95","49.70","97.28K","-0.50%"
"22-06-2023","50.00","50.45","50.50","49.90","116.01K","-0.70%"
"21-06-2023","50.35","50.40","50.45","50.15","114.69K","-0.59%"
"20-06-2023","50.65","50.80","50.80","50.40","94.11K","-0.20%"
"19-06-2023","50.75","50.85","50.90","50.65","37.47K","-0.10%"
"16-06-2023","50.80","50.90","51.00","50.65","50.70K","0.79%"
"15-06-2023","50.40","50.65","50.65","50.35","57.53K","-0.88%"
"14-06-2023","50.85","50.95","51.05","50.55","149.70K","-0.68%"
"13-06-2023","51.20","51.30","51.30","50.90","52.47K","0.20%"
"12-06-2023","51.10","51.25","51.30","50.85","62.04K","-0.29%"
"09-06-2023","51.25","51.45","51.45","51.05","55.80K","0.49%"
"08-06-2023","51.00","51.05","51.10","50.80","55.18K","-0.58%"
"07-06-2023","51.30","51.40","51.40","51.00","39.87K","0.10%"
"06-06-2023","51.25","51.40","51.40","51.05","79.17K","0.69%"
"05-06-2023","50.90","51.15","51.45","50.90","134.29K","-1.17%"
"02-06-2023","51.50","51.70","51.70","51.35","41.26K","0.59%"
"01-06-2023","51.20","51.75","51.75","51.10","62.94K","-0.19%"
"31-05-2023","51.30","51.45","51.65","51.10","61.61K","0.10%"
"30-05-2023","51.25","51.35","51.55","50.90","183.86K","0.10%"
"29-05-2023","51.20","51.45","51.45","51.15","54.25K","-0.58%"
"26-05-2023","51.50","51.50","51.70","51.25","125.39K","-0.19%"
"25-05-2023","51.60","51.70","51.70","51.25","41.97K","-0.39%"
"24-05-2023","51.80","51.80","52.00","51.70","25.49K","0.48%"
"23-05-2023","51.55","51.85","51.90","51.40","65.54K","-1.06%"
"22-05-2023","52.10","52.15","52.15","51.75","100.40K","0.97%"
"19-05-2023","51.60","51.65","51.70","51.45","71.41K","-0.48%"
"18-05-2023","51.85","52.15","52.15","51.60","118.95K","0.00%"
"17-05-2023","51.85","52.00","52.00","51.65","114.98K","-0.58%"
"16-05-2023","52.15","52.35","52.45","52.10","45.67K","-0.29%"
"15-05-2023","52.30","52.25","52.70","52.20","76.46K","0.29%"
"12-05-2023","52.15","52.50","52.50","52.00","86.48K","-0.86%"
"11-05-2023","52.60","52.90","52.90","52.35","89.65K","0.10%"
"10-05-2023","52.55","52.50","52.65","52.40","30.60K","0.19%"
"09-05-2023","52.45","52.00","52.50","52.00","38.32K","0.67%"
"08-05-2023","52.10","52.50","52.50","52.00","88.00K","-0.95%"
"05-05-2023","52.60","52.65","53.00","52.45","64.14K","-0.09%"
"04-05-2023","52.65","52.45","52.75","52.30","166.82K","0.96%"
"03-05-2023","52.15","51.80","52.25","51.80","64.67K","1.36%"
"02-05-2023","51.45","51.50","51.60","51.25","37.76K","0.10%"
"28-04-2023","51.40","51.70","51.70","51.20","21.30K","-0.29%"
"27-04-2023","51.55","51.70","51.75","51.50","52.27K","0.10%"
"26-04-2023","51.50","51.80","51.80","51.45","105.56K","0.10%"
"25-04-2023","51.45","51.45","51.65","51.35","56.05K","0.29%"
"24-04-2023","51.30","51.45","51.85","51.15","70.64K","-0.29%"
"21-04-2023","51.45","51.90","51.90","51.40","30.23K","-0.39%"
"20-04-2023","51.65","51.80","51.80","51.45","48.03K","0.78%"
"19-04-2023","51.25","51.70","52.05","51.10","49.34K","-0.87%"
"18-04-2023","51.70","51.65","51.85","51.60","66.53K","-0.29%"
"17-04-2023","51.85","51.80","52.10","51.35","90.81K","-0.29%"
"13-04-2023","52.00","51.95","52.10","51.75","53.78K","0.58%"
"12-04-2023","51.70","51.75","52.10","51.60","53.36K","0.10%"
"11-04-2023","51.65","51.65","51.75","51.35","67.75K","0.29%"
"10-04-2023","51.50","51.45","51.70","51.10","145.37K","-0.68%"
"06-04-2023","51.85","51.80","51.95","51.45","36.10K","-0.19%"
"05-04-2023","51.95","51.50","52.15","51.25","180.15K","2.16%"
"03-04-2023","50.85","51.00","51.00","50.60","91.55K","-0.29%"
"31-03-2023","51.00","51.05","51.50","50.65","245.69K","0.39%"
"29-03-2023","50.80","50.45","51.00","50.30","98.42K","1.09%"
"28-03-2023","50.25","50.40","50.40","50.20","90.11K","-0.30%"
"27-03-2023","50.40","50.65","50.70","50.20","132.36K","-0.98%"
"24-03-2023","50.90","50.80","51.15","50.60","136.73K","0.79%"
"23-03-2023","50.50","50.35","50.75","50.35","105.84K","0.90%"
"22-03-2023","50.05","50.30","50.30","49.85","92.32K","-0.89%"
"21-03-2023","50.50","50.75","50.85","50.30","134.19K","-0.49%"
"20-03-2023","50.75","50.10","51.25","50.05","307.28K","2.22%"
"17-03-2023","49.65","49.60","49.75","49.45","71.97K","0.30%"
"16-03-2023","49.50","49.80","49.80","49.20","100.34K","1.54%"
"15-03-2023","48.75","49.30","49.30","48.65","36.33K","-0.81%"
"14-03-2023","49.15","49.05","49.35","49.00","86.85K","0.92%"
"13-03-2023","48.70","47.85","49.05","47.85","88.22K","2.53%"
"10-03-2023","47.50","47.75","47.75","47.25","168.57K","0.64%"
"09-03-2023","47.20","47.35","47.40","47.00","82.11K","-0.32%"
"08-03-2023","47.35","47.70","47.70","47.10","59.69K","-1.35%"
"06-03-2023","48.00","47.30","48.10","47.30","52.10K","0.21%"
"03-03-2023","47.90","48.15","48.20","47.80","37.66K","-0.21%"
"02-03-2023","48.00","48.05","48.10","47.85","23.47K","0.00%"
"01-03-2023","48.00","47.60","48.10","47.60","22.38K","1.16%"
"28-02-2023","47.45","47.70","47.70","47.45","132.50K","0.00%"
"27-02-2023","47.45","47.75","48.10","47.40","203.48K","-0.73%"
"24-02-2023","47.80","47.70","48.05","47.70","42.87K","-0.31%"
"23-02-2023","47.95","48.20","48.20","47.85","54.99K","-0.62%"
"22-02-2023","48.25","48.35","48.35","48.15","28.34K","0.21%"
"21-02-2023","48.15","48.35","48.35","48.10","38.47K","-0.52%"
"20-02-2023","48.40","48.35","48.45","47.85","108.72K","1.15%"
"17-02-2023","47.85","48.25","48.25","47.80","59.48K","-0.73%"
"16-02-2023","48.20","48.40","48.45","48.05","152.17K","-0.10%"
"15-02-2023","48.25","48.55","48.95","45.80","64.75K","-1.13%"
"14-02-2023","48.80","48.85","48.90","48.50","100.02K","0.31%"
"13-02-2023","48.65","48.85","48.90","48.50","103.89K","-0.10%"
"10-02-2023","48.70","48.85","48.90","48.60","68.57K","-0.92%"
"09-02-2023","49.15","49.35","49.35","49.05","38.90K","-0.20%"
"08-02-2023","49.25","49.05","49.30","48.95","143.24K","0.61%"
"07-02-2023","48.95","49.15","49.20","48.90","102.69K","-0.20%"
"06-02-2023","49.05","49.15","49.20","48.60","104.96K","-0.71%"
"03-02-2023","49.40","50.00","50.00","49.30","169.84K","-1.98%"
"02-02-2023","50.40","49.60","50.40","49.60","228.26K","2.23%"
"01-02-2023","49.30","48.95","49.40","48.75","233.02K","1.13%"
"31-01-2023","48.75","48.95","48.95","48.60","82.51K","-0.10%"
"30-01-2023","48.80","49.05","49.05","48.50","326.01K","0.10%"
"27-01-2023","48.75","48.95","49.00","48.60","65.21K","-0.20%"
"25-01-2023","48.85","49.20","49.20","48.75","97.29K","-0.31%"
"24-01-2023","49.00","48.95","49.10","48.90","149.85K","0.51%"
"23-01-2023","48.75","49.15","49.15","48.65","83.01K","-0.10%"
"20-01-2023","48.80","48.70","48.90","48.60","60.26K","0.72%"
"19-01-2023","48.45","48.50","48.55","48.30","49.81K","-0.10%"
"18-01-2023","48.50","48.50","48.60","48.35","76.21K","-0.21%"
"17-01-2023","48.60","48.75","48.80","48.50","66.39K","0.00%"
"16-01-2023","48.60","48.45","48.75","48.10","348.20K","0.83%"
"13-01-2023","48.20","48.25","48.30","47.85","70.45K","0.42%"
"12-01-2023","48.00","48.05","48.30","47.85","27.97K","-0.21%"
"11-01-2023","48.10","47.95","48.15","47.75","70.36K","0.42%"
"10-01-2023","47.90","48.00","48.15","47.70","62.57K","-0.42%"
"09-01-2023","48.10","48.00","48.25","47.90","60.80K","1.05%"
"06-01-2023","47.60","48.10","48.10","47.45","90.70K","-0.42%"
"05-01-2023","47.80","48.00","48.05","47.70","53.18K","-0.52%"
"04-01-2023","48.05","47.65","48.10","47.50","119.40K","0.95%"
"03-01-2023","47.60","47.85","47.85","47.35","133.23K","0.85%"
"02-01-2023","47.20","46.85","47.65","46.65","71.20K","0.53%"
"30-12-2022","46.95","47.00","47.05","46.80","73.94K","0.43%"
"29-12-2022","46.75","46.75","46.90","46.60","49.78K","0.43%"
"28-12-2022","46.55","46.50","46.90","46.50","66.34K","-0.32%"
"27-12-2022","46.70","46.20","46.75","46.15","172.27K","0.54%"
"26-12-2022","46.45","47.20","47.20","46.40","58.48K","-0.54%"
"23-12-2022","46.70","46.20","46.80","46.20","103.16K","-0.43%"
"22-12-2022","46.90","46.80","47.10","46.65","112.49K","0.32%"
"21-12-2022","46.75","46.45","46.90","46.45","152.78K","0.32%"
"20-12-2022","46.60","46.35","46.70","46.05","178.81K","0.43%"
"19-12-2022","46.40","46.30","46.50","46.20","95.83K","0.65%"
"16-12-2022","46.10","46.40","46.40","46.00","90.26K","0.11%"
"15-12-2022","46.05","46.40","46.45","46.00","46.34K","-0.97%"
"14-12-2022","46.50","46.55","46.65","46.30","119.92K","0.87%"
"13-12-2022","46.10","46.15","46.20","45.85","34.96K","0.00%"
"12-12-2022","46.10","46.40","46.40","45.90","72.60K","0.22%"
"09-12-2022","46.00","46.00","46.20","45.80","38.38K","0.00%"
"08-12-2022","46.00","45.85","46.20","45.80","47.93K","0.33%"
"07-12-2022","45.85","45.55","46.05","44.30","64.79K","-0.43%"
"06-12-2022","46.05","45.30","46.15","45.30","113.51K","0.11%"
"05-12-2022","46.00","45.75","46.25","45.75","98.23K","0.44%"
"02-12-2022","45.80","46.05","46.05","45.50","90.72K","0.88%"
"01-12-2022","45.40","45.55","45.60","45.25","70.47K","0.78%"
"30-11-2022","45.05","44.70","45.20","44.60","87.68K","0.00%"
"29-11-2022","45.05","44.85","45.20","44.85","26.79K","-0.33%"
"28-11-2022","45.20","45.00","45.30","44.80","64.67K","0.44%"
"25-11-2022","45.00","45.20","45.20","44.95","34.27K","0.11%"
"24-11-2022","44.95","45.00","45.20","44.85","57.99K","-0.11%"
"23-11-2022","45.00","44.50","45.10","41.75","56.61K","0.33%"
"22-11-2022","44.85","45.00","45.00","44.70","20.66K","0.11%"
"21-11-2022","44.80","45.15","45.25","44.55","89.72K","-1.21%"
"18-11-2022","45.35","45.20","45.45","45.00","36.73K","0.33%"
"17-11-2022","45.20","44.90","45.35","44.85","82.21K","-0.33%"
"16-11-2022","45.35","44.95","45.40","44.95","53.84K","0.22%"
"15-11-2022","45.25","44.75","45.30","44.30","88.29K","0.89%"
"14-11-2022","44.85","44.40","45.00","44.30","121.91K","0.11%"
"11-11-2022","44.80","44.25","44.85","44.15","218.70K","1.70%"
"10-11-2022","44.05","43.55","44.10","43.15","71.97K","0.46%"
"09-11-2022","43.85","44.20","44.25","43.70","119.39K","0.34%"
"07-11-2022","43.70","44.15","44.15","43.35","67.14K","0.81%"
"04-11-2022","43.35","43.60","43.75","43.20","145.98K","0.35%"
"03-11-2022","43.20","42.90","43.40","42.90","153.72K","-0.69%"
"02-11-2022","43.50","43.05","43.60","43.00","89.86K","0.35%"
"01-11-2022","43.35","43.35","43.60","42.90","172.27K","0.12%"
"31-10-2022","43.30","43.25","43.40","42.95","27.87K","0.00%"
"28-10-2022","43.30","43.40","43.55","43.20","35.22K","-0.12%"
"27-10-2022","43.35","43.15","43.80","43.10","28.61K","0.23%"
"25-10-2022","43.25","43.80","43.85","43.20","26.27K","-0.57%"
"24-10-2022","43.50","46.55","46.55","43.10","121.39K","1.75%"
"21-10-2022","42.75","42.95","43.00","42.60","62.11K","-0.58%"
"20-10-2022","43.00","42.30","43.10","42.30","41.71K","0.12%"
"19-10-2022","42.95","43.05","43.15","42.70","50.74K","-0.23%"
"18-10-2022","43.05","42.90","43.15","42.70","29.91K","0.23%"
"17-10-2022","42.95","43.10","43.20","42.75","180.98K","-0.58%"
"14-10-2022","43.20","43.50","43.50","43.10","107.15K","-0.80%"
"13-10-2022","43.55","43.60","43.65","43.30","54.25K","0.35%"
"12-10-2022","43.40","43.30","43.50","43.15","33.35K","0.23%"
"11-10-2022","43.30","43.45","43.45","43.25","81.54K","-0.57%"
"10-10-2022","43.55","44.20","44.20","43.50","111.40K","-1.58%"